{
  "topk": {
    "3": {
      "BM25-Only": {
        "recall": 0.5748737373737374,
        "mrr": 0.5277777777777777,
        "ndcg": 0.5136968304360532
      },
      "TF-IDF": {
        "recall": 0.5348484848484848,
        "mrr": 0.5012626262626263,
        "ndcg": 0.4821956948473941
      },
      "Vector-Only": {
        "recall": 0.6430555555555556,
        "mrr": 0.6098484848484849,
        "ndcg": 0.5837963546961817
      },
      "Hybrid (no MMR)": {
        "recall": 0.5150252525252526,
        "mrr": 0.4785353535353536,
        "ndcg": 0.46281353508649903
      },
      "Hybrid + MMR": {
        "recall": 0.4487373737373738,
        "mrr": 0.45328282828282834,
        "ndcg": 0.4259164671757597
      }
    },
    "5": {
      "BM25-Only": {
        "recall": 0.6542929292929294,
        "mrr": 0.5478535353535353,
        "ndcg": 0.5443565064068736
      },
      "TF-IDF": {
        "recall": 0.623989898989899,
        "mrr": 0.5224747474747475,
        "ndcg": 0.5205752614028386
      },
      "Vector-Only": {
        "recall": 0.7429924242424243,
        "mrr": 0.6295454545454545,
        "ndcg": 0.6242247328399938
      },
      "Hybrid (no MMR)": {
        "recall": 0.6089646464646464,
        "mrr": 0.5023989898989899,
        "ndcg": 0.5012543694364159
      },
      "Hybrid + MMR": {
        "recall": 0.567929292929293,
        "mrr": 0.48434343434343435,
        "ndcg": 0.47242920918338194
      }
    },
    "10": {
      "BM25-Only": {
        "recall": 0.7402777777777777,
        "mrr": 0.5597582972582973,
        "ndcg": 0.5811171089815842
      },
      "TF-IDF": {
        "recall": 0.7310606060606061,
        "mrr": 0.5378276815776816,
        "ndcg": 0.5617344240068335
      },
      "Vector-Only": {
        "recall": 0.8184974747474747,
        "mrr": 0.6379389129389128,
        "ndcg": 0.6557637897112375
      },
      "Hybrid (no MMR)": {
        "recall": 0.6751893939393939,
        "mrr": 0.5135281385281386,
        "ndcg": 0.5272779433591842
      },
      "Hybrid + MMR": {
        "recall": 0.6470959595959596,
        "mrr": 0.49313371813371826,
        "ndcg": 0.5026499248769487
      }
    }
  },
  "lambda": {
    "0.7": {
      "recall": 0.4026515151515151,
      "mrr": 0.4268939393939393,
      "ndcg": 0.38090448735278704
    },
    "0.8": {
      "recall": 0.4803030303030303,
      "mrr": 0.45227272727272727,
      "ndcg": 0.42265302335819355
    },
    "0.9": {
      "recall": 0.567929292929293,
      "mrr": 0.48434343434343435,
      "ndcg": 0.47242920918338194
    },
    "1.0": {
      "recall": 0.6089646464646464,
      "mrr": 0.5023989898989899,
      "ndcg": 0.5012543694364159
    }
  },
  "category": {
    "BM25-Only": {
      "exact": {
        "r5": 0.8333333333333333,
        "mrr": 0.6264227642276423
      },
      "paraphrase": {
        "r5": 0.325,
        "mrr": 0.3333333333333333
      },
      "conceptual": {
        "r5": 0.3844444444444444,
        "mrr": 0.4761111111111111
      }
    },
    "TF-IDF": {
      "exact": {
        "r5": 0.7845528455284553,
        "mrr": 0.61869918699187
      },
      "paraphrase": {
        "r5": 0.3333333333333333,
        "mrr": 0.28500000000000003
      },
      "conceptual": {
        "r5": 0.3788888888888889,
        "mrr": 0.41777777777777775
      }
    },
    "Vector-Only": {
      "exact": {
        "r5": 0.904471544715447,
        "mrr": 0.6989837398373984
      },
      "paraphrase": {
        "r5": 0.45,
        "mrr": 0.3833333333333333
      },
      "conceptual": {
        "r5": 0.49694444444444436,
        "mrr": 0.6038888888888888
      }
    },
    "Hybrid (no MMR)": {
      "exact": {
        "r5": 0.8008130081300814,
        "mrr": 0.5898373983739836
      },
      "paraphrase": {
        "r5": 0.25,
        "mrr": 0.225
      },
      "conceptual": {
        "r5": 0.3238888888888889,
        "mrr": 0.4483333333333333
      }
    },
    "Hybrid + MMR": {
      "exact": {
        "r5": 0.7479674796747968,
        "mrr": 0.5595528455284553
      },
      "paraphrase": {
        "r5": 0.2333333333333333,
        "mrr": 0.22999999999999998
      },
      "conceptual": {
        "r5": 0.29888888888888887,
        "mrr": 0.4483333333333333
      }
    }
  }
}